Workbook

Sheet Start Here
B2: 🔎 mysleepytale — 15-Day Google Indexing Sprint
B3: Goal: get all 50 'discovered but not indexed' pages into Google within 15 days.
B5: The gap (where we are vs where we need to be)
B6: Now | C6: Google has crawled/discovered 50 URLs but hasn't indexed them. They won't show in search until indexed.
B7: Likely causes | C7: New-ish domain & low authority, thin/duplicate signals, few internal links, almost no backlinks, and 3 SPA routes that are JavaScript-only (Google struggles to render them).
B8: Target | C8: 50/50 indexed (or a clear fix-list for any stragglers) in 15 days.
B10: The plan = 2 tracks (run both at once)
B11: TRACK A — Technical (does 80% of the work) | C11: Search Console sitemap + 'Request Indexing', internal links, a few real backlinks, fix the SPA pages, IndexNow. → See 'Indexing Checklist' tab. Owner-led.
B12: TRACK B — Social distribution (you + 4 friends) | C12: Each person shares their assigned links on FB / X / LinkedIn / IG / WhatsApp groups. Drives discovery + traffic, which nudges Google to crawl. → See 'Link Distribution' tab.
B14: How the team uses this file
B15: 1. Each person opens 'Link Distribution', filters Owner = their name → that's their 10 links + ready-made example posts.
B16: 2. Share ~1 link/day on the suggested platform. Copy the example post, paste, add the link. Mark Status = Shared.
B17: 3. The owner works the 'Indexing Checklist' + 'Daily Schedule (15 Days)' in parallel.
B18: 4. Check progress on 'Team Summary'. Re-share stragglers on a 2nd platform in week 2.
B20: ▸ Honest expectation: Google decides final timing — we can't force it. But sitemap + Request Indexing + internal links + fixing the SPA pages is what actually moves the needle. Social shares help discovery; they are not a guaranteed index button. Doing all of it together is how we hit 15 days.

Sheet Gap & Action Plan
A1: # | B1: Action (what to do) | C1: Why it matters for indexing | D1: Track | E1: Owner | F1: By day
A2: 1 | B2: Verify Google Search Console + submit/re-submit sitemap.xml | C2: Google needs an up-to-date sitemap to know all 50 URLs exist and re-crawl them. | D2: Technical | E2: Owner | F2: Day 1
A3: 2 | B3: URL Inspection → 'Request Indexing' for Priority 1 URLs | C3: The single most direct way to ask Google to index a specific page (quota ~10–15/day). | D3: Technical | E3: Owner | F3: Day 2
A4: 3 | B4: Add internal links: homepage + already-indexed pages → these 50 URLs | C4: Internal links pass crawl signals; orphan pages rarely get indexed. | D4: Technical | E4: Owner | F4: Day 3
A5: 4 | B5: Fix SPA routes (/blog/, /demo/multilingual/, /aboutus) | C5: JS-only pages often render empty to Googlebot. Add SSR/prerender or static HTML or they may NEVER index. | D5: Technical | E5: Dev/Owner | F5: Day 4–5
A6: 5 | B6: Request Indexing for Priority 2–3 URLs | C6: Keep feeding Google the next batch within daily quota. | D6: Technical | E6: Owner | F6: Day 6
A7: 6 | B7: Submit URLs via IndexNow (Bing/Yandex) | C7: Instant submission to Bing/Yandex; broad indexing health + referral signals. | D7: Technical | E7: Owner | F7: Day 7
A8: 7 | B8: Get 3–5 real backlinks (parent blogs, directories, Medium, relevant Reddit) | C8: Dofollow links from crawled sites are far stronger discovery signals than social posts. | D8: Off-site | E8: Owner + team | F8: Day 4–13
A9: 8 | B9: Each person shares assigned links (Track B) | C9: Social shares drive traffic + get URLs crawled from public pages Google scans. | D9: Social | E9: All 5 | F9: Day 1–10
A10: 9 | B10: Re-share stragglers on a 2nd platform | C10: A second touch on a different network widens discovery for pages still not indexed. | D10: Social | E10: All 5 | F10: Day 11–13
A11: 10 | B11: Check thin/duplicate pages flagged 'Crawled – not indexed' | C11: If content is thin, Google won't index it. Beef up to unique, useful, 600+ words. | D11: Technical | E11: Content/Owner | F11: Day 12–14
A12: 11 | B12: Daily index check: search site:mysleepytale.com/<path> | C12: Tracks exactly which of the 50 are in. Update Status in the sheet. | D12: Monitor | E12: Owner | F12: Daily
A13: 12 | B13: Final review + fix-list for any remaining | C13: Close out the sprint; plan targeted fixes for stubborn URLs. | D13: Monitor | E13: Owner | F13: Day 15

Sheet Link Distribution
A1: # | B1: Pri | C1: URL | D1: Topic | E1: Owner | F1: Suggested platform | G1: Share by | H1: Example post (copy, paste, add the link) | I1: Status | J1: Indexed?
A2: 1 | B2: 1 | C2: mysleepytale.com/blog/fifa-world-cup-kids-audiobook | D2: World Cup Kids Audiobook | E2: Sahil | F2: X + IG story | G2: Jun 15 | H2: ⚽ World Cup buzz everywhere — turn it into calm bedtimes with World Cup audiobooks for kids. Goals by day, dreams by night. 🌙 #BedtimeStories #Parenting #KidsBooks #mysleepytale | I2: Not shared | J2: No
A3: 2 | B3: 1 | C3: mysleepytale.com/blog/fifa-world-cup-dallas-kids-audiobook | D3: World Cup Dallas Kids Audiobook | E3: Deepti | F3: FB (Dallas groups) + IG | G3: Jun 15 | H3: Dallas families 🤠⚽ the World Cup is coming! Get your little fans excited with kid-friendly World Cup audiobooks. #BedtimeStories #Parenting #KidsBooks #mysleepytale | I3: Not shared | J3: No
A4: 3 | B4: 1 | C4: mysleepytale.com/blog/why-bedtime-stories-matter | D4: Why Bedtime Stories Matter | E4: Raksha | F4: FB parent groups + IG | G4: Jun 15 | H4: Bedtime stories aren't just cute — they build vocabulary, empathy and calmer sleep. Here's the why (and how to start tonight). 🌙 #BedtimeStories #Parenting #KidsBooks #mysleepytale | I4: Not shared | J4: No
A5: 4 | B5: 1 | C5: mysleepytale.com/blog/screen-free-bedtime-routines | D5: Screen-Free Bedtime Routines | E5: Sarvanthi | F5: FB parent groups + Pinterest | G5: Jun 15 | H5: Trying to cut screens before bed? 📵 Simple screen-free bedtime routines that actually work — plus audio stories to replace the scroll. #BedtimeStories #Parenting #KidsBooks #mysleepytale | I5: Not shared | J5: No
A6: 5 | B6: 1 | C6: mysleepytale.com/blog/indian-bedtime-stories | D6: Indian Bedtime Stories | E6: Prateek | F6: FB community + WhatsApp | G6: Jun 15 | H6: From Panchatantra to modern tales 🪔 — Indian bedtime stories your kids will love, in languages they understand. #BedtimeStories #Parenting #KidsBooks #mysleepytale | I6: Not shared | J6: No
A7: 6 | B7: 1 | C7: mysleepytale.com/blog/islamic-stories-for-kids | D7: Islamic Stories for Kids (blog) | E7: Sahil | F7: FB community + IG | G7: Jun 16 | H7: Beautiful Islamic stories for kids — values, kindness and gentle tales at bedtime. 🌙 #BedtimeStories #Parenting #KidsBooks #mysleepytale | I7: Not shared | J7: No
A8: 7 | B8: 1 | C8: mysleepytale.com/blog/best-bedtime-story-app-2026 | D8: Best Bedtime Story App 2026 | E8: Deepti | F8: LinkedIn + X | G8: Jun 16 | H8: Looking for the best bedtime story app in 2026? An honest rundown of what to look for. 📱 #BedtimeStories #Parenting #KidsBooks #mysleepytale | I8: Not shared | J8: No
A9: 8 | B9: 1 | C9: mysleepytale.com/blog/best-bedtime-story-app-toronto | D9: Best Bedtime Story App Toronto | E9: Raksha | F9: FB (Toronto groups) + IG | G9: Jun 16 | H9: Toronto parents 🇨🇦 — a bedtime story app made with local families in mind. Calm nights, happy mornings. #BedtimeStories #Parenting #KidsBooks #mysleepytale | I9: Not shared | J9: No
A10: 9 | B10: 1 | C10: mysleepytale.com/blog/multilingual-bedtime-stories | D10: Multilingual Bedtime Stories | E10: Sarvanthi | F10: FB + WhatsApp groups | G10: Jun 16 | H10: Raising bilingual kids? 🌍 Bedtime stories in multiple languages help them keep their mother tongue — and fall asleep. #BedtimeStories #Parenting #KidsBooks #mysleepytale | I10: Not shared | J10: No
A11: 10 | B11: 1 | C11: mysleepytale.com/blog/become-a-creator | D11: Become a Creator | E11: Prateek | F11: LinkedIn + X | G11: Jun 16 | H11: Love telling stories? ✍️ Become a creator on mysleepytale and share your tales with families everywhere. #BedtimeStories #Parenting #KidsBooks #mysleepytale | I11: Not shared | J11: No
A12: 11 | B12: 2 | C12: mysleepytale.com/blog/why-kids-love-who-would-win | D12: Why Kids Love 'Who Would Win' | E12: Sahil | F12: FB parent groups + IG | G12: Jun 17 | H12: 'Who would win — a shark or a gorilla?' 🦈🦍 Ever wonder why kids are obsessed? Here's the psychology. #BedtimeStories #Parenting #KidsBooks #mysleepytale | I12: Not shared | J12: No
A13: 12 | B13: 2 | C13: mysleepytale.com/blog/why-kids-love-cars-buses | D13: Why Kids Love Cars & Buses | E13: Deepti | F13: FB parent groups + IG | G13: Jun 17 | H13: 🚌 Why are toddlers SO into cars and buses? The reason is adorable (and developmental). #BedtimeStories #Parenting #KidsBooks #mysleepytale | I13: Not shared | J13: No
... A51: 50 | B51: 6 | C51: mysleepytale.com/aboutus | D51: About Us (SPA ⚠) | E51: Prateek | F51: LinkedIn + X | G51: Jun 24 | H51: Meet the team behind mysleepytale — our mission for calmer, kinder bedtimes. 🌙 #BedtimeStories #Parenting #KidsBooks #mysleepytale | I51: Not shared | J51: No

Sheet Daily Schedule (15 Days)
A1: Day | B1: Date | C1: Focus | D1: Social task (Track B) | E1: Technical task (Track A) | F1: Done?
A2: 1 | B2: Mon Jun 15 | C2: Kickoff + Priority 1 | D2: Everyone shares their Day-1 link (Priority 1 set) on the suggested platform. | E2: Verify GSC ownership; submit/re-submit sitemap.xml; confirm it's read.
A3: 2 | B3: Tue Jun 16 | C3: Ask Google directly | D3: Share Day-2 link. | E3: URL Inspection → Request Indexing for all Priority 1 URLs.
A4: 3 | B4: Wed Jun 17 | C4: Internal links | D4: Share Day-3 link. | E4: Add links from homepage + any indexed pages to Priority 1–2 URLs.
A5: 4 | B5: Thu Jun 18 | C5: Fix the SPA pages | D5: Share Day-4 link. | E5: Start SSR/prerender or static HTML for /blog/, /demo/multilingual/, /aboutus.
A6: 5 | B6: Fri Jun 19 | C6: Finish SPA + backlinks | D6: Share Day-5 link. | E6: Finish SPA fix; add the 3 SPA URLs to sitemap; line up 2 backlink targets.
A7: 6 | B7: Sat Jun 20 | C7: Priority 2 indexing | D7: Share Day-6 link. | E7: Request Indexing for Priority 2 URLs; post 1 Medium article linking 3 blogs.
A8: 7 | B8: Sun Jun 21 | C8: Wider net | D8: Share Day-7 link. | E8: Submit all 50 via IndexNow (Bing/Yandex); 1 relevant Reddit/forum post.
A9: 8 | B9: Mon Jun 22 | C9: 2nd platform push | D9: Re-share your 2 best Priority 1 links on a different platform. | E9: Request Indexing for Priority 3 URLs; check GSC coverage trend.
A10: 9 | B10: Tue Jun 23 | C10: Backlink outreach | D10: Share Day-9 link. | E10: Email 3–5 parent bloggers/partners for a link; submit to 2 directories.
A11: 10 | B11: Wed Jun 24 | C11: Last new links | D11: Share Day-10 link. | E11: Request Indexing for remaining landing pages; mid-sprint index count (site: checks).
A12: 11 | B12: Thu Jun 25 | C12: Catch stragglers | D12: Re-share any link still not indexed on FB/WhatsApp groups. | E12: List not-indexed URLs; check each for noindex/canonical/thin content issues.
A13: 12 | B13: Fri Jun 26 | C13: Internal links #2 | D13: Team: drop links in 2 parent WhatsApp/FB groups each. | E13: Add internal links FROM newly-indexed pages TO the not-yet-indexed ones.
... A16: 15 | B16: Mon Jun 29 | C16: Final validation | D16: Celebrate wins; thank the groups that helped. 🙌 | E16: Final site: + GSC count; log indexed total; write fix-list for any remaining.

Sheet Indexing Checklist
B2: ✅ Real indexing levers (Track A) — work top to bottom
B4: Task | C4: Owner | D4: Status
B5: — GOOGLE SEARCH CONSOLE —
B6: Verify the domain property in Search Console | C6: Owner | D6: ☐ To do
B7: Submit / re-submit sitemap.xml and confirm 'Success' | C7: Owner | D7: ☐ To do
B8: URL Inspection → Request Indexing for each Priority 1–2 URL (≈10–15/day quota) | C8: Owner | D8: ☐ To do
B9: Watch the Pages report: track 'Discovered/Crawled – currently not indexed' | C9: Owner | D9: ☐ To do
B10: — ON-SITE —
B11: Confirm NO 'noindex' tag and robots.txt does not block these URLs | C11: Dev/Owner | D11: ☐ To do
B12: Check canonical tags are self-referencing (not pointing elsewhere) | C12: Dev/Owner | D12: ☐ To do
B13: Add internal links from homepage + indexed posts to all 50 URLs | C13: Owner | D13: ☐ To do
B14: Strengthen thin pages → unique, useful, 600+ words | C14: Content | D14: ☐ To do
B15: Confirm fast load + mobile-friendly (Core Web Vitals) | C15: Dev | D15: ☐ To do
B16: — SPA FIX (critical for /blog/, /demo/multilingual/, /aboutus) —
B17: Render content server-side / prerender so Googlebot sees real HTML | C17: Dev | D17: ☐ To do
B18: Add the 3 SPA URLs to sitemap once they return static HTML | C18: Dev | D18: ☐ To do
B19: Re-test with URL Inspection 'View crawled page' → content visible? | C19: Owner | D19: ☐ To do
B20: — OFF-SITE / DISCOVERY —
B21: Run the social distribution (Link Distribution tab) | C21: All 5 | D21: ☐ To do
B22: Publish 1–2 Medium posts linking the top blogs (Google crawls Medium fast) | C22: Owner | D22: ☐ To do
B23: Secure 3–5 real backlinks (parent blogs, directories, partners, relevant Reddit) | C23: Owner + team | D23: ☐ To do
B24: Submit all URLs via IndexNow for Bing/Yandex | C24: Owner | D24: ☐ To do
B25: — MONITOR —
B26: Daily 'site:mysleepytale.com/<path>' checks → update Status in sheet | C26: Owner | D26: ☐ To do
B27: Day 15: log indexed count + fix-list for any stragglers | C27: Owner | D27: ☐ To do

Sheet Team Summary
B2: 📊 Team progress
B4: Person | C4: Links assigned | D4: Shared | E4: Indexed ✅ | F4: % indexed
B5: Sahil | C5: =COUNTIF('Link Distribution'!$E$2:$E$51,"Sahil") -> 10 | D5: =COUNTIFS('Link Distribution'!$E$2:$E$51,"Sahil",'Link Distribution'!$I$2:$I$51,"<>Not shared") -> 0 | E5: =COUNTIFS('Link Distribution'!$E$2:$E$51,"Sahil",'Link Distribution'!$J$2:$J$51,"Yes") -> 0 | F5: =IF(C5=0,0,E5/C5) -> 0
B6: Deepti | C6: =COUNTIF('Link Distribution'!$E$2:$E$51,"Deepti") -> 10 | D6: =COUNTIFS('Link Distribution'!$E$2:$E$51,"Deepti",'Link Distribution'!$I$2:$I$51,"<>Not shared") -> 0 | E6: =COUNTIFS('Link Distribution'!$E$2:$E$51,"Deepti",'Link Distribution'!$J$2:$J$51,"Yes") -> 0 | F6: =IF(C6=0,0,E6/C6) -> 0
B7: Raksha | C7: =COUNTIF('Link Distribution'!$E$2:$E$51,"Raksha") -> 10 | D7: =COUNTIFS('Link Distribution'!$E$2:$E$51,"Raksha",'Link Distribution'!$I$2:$I$51,"<>Not shared") -> 0 | E7: =COUNTIFS('Link Distribution'!$E$2:$E$51,"Raksha",'Link Distribution'!$J$2:$J$51,"Yes") -> 0 | F7: =IF(C7=0,0,E7/C7) -> 0
B8: Sarvanthi | C8: =COUNTIF('Link Distribution'!$E$2:$E$51,"Sarvanthi") -> 10 | D8: =COUNTIFS('Link Distribution'!$E$2:$E$51,"Sarvanthi",'Link Distribution'!$I$2:$I$51,"<>Not shared") -> 0 | E8: =COUNTIFS('Link Distribution'!$E$2:$E$51,"Sarvanthi",'Link Distribution'!$J$2:$J$51,"Yes") -> 0 | F8: =IF(C8=0,0,E8/C8) -> 0
B9: Prateek | C9: =COUNTIF('Link Distribution'!$E$2:$E$51,"Prateek") -> 10 | D9: =COUNTIFS('Link Distribution'!$E$2:$E$51,"Prateek",'Link Distribution'!$I$2:$I$51,"<>Not shared") -> 0 | E9: =COUNTIFS('Link Distribution'!$E$2:$E$51,"Prateek",'Link Distribution'!$J$2:$J$51,"Yes") -> 0 | F9: =IF(C9=0,0,E9/C9) -> 0
B10: TOTAL | C10: =SUM(C5:C9) -> 50 | D10: =SUM(D5:D9) -> 0 | E10: =SUM(E5:E9) -> 0 | F10: =IF(C10=0,0,E10/C10) -> 0
B12: Update as you go: set Status + Indexed? in the 'Link Distribution' tab and these numbers refresh automatically. 🎯 Target by Day 15: 50/50 indexed.
